ticker,waehrung,erster_kurstag_in_daten,dividendenereignisse_yahoo,fenster,basis_datum,end_datum,handelstage,gesamtertrag_adj_pct,nur_kurs_pct,max_drawdown_pct,dd_hoch,dd_tief
SPY,USD,2017-01-03,39,A,2017-01-03,2021-09-15,1184,115.81,98.85,-33.72,2020-02-19,2020-03-23
SPY,USD,2017-01-03,39,B,2021-09-15,2026-09-15,1255,80.93,69.11,-24.50,2022-01-03,2022-10-12
QMOM,USD,2017-01-03,10,A,2017-01-03,2021-09-15,1184,110.64,109.87,-39.13,2020-02-19,2020-03-23
QMOM,USD,2017-01-03,10,B,2021-09-15,2026-09-15,1255,45.42,39.01,-26.82,2021-11-16,2023-10-26
MTUM,USD,2017-01-03,39,A,2017-01-03,2021-09-15,1184,152.30,139.79,-34.08,2020-02-19,2020-03-23
MTUM,USD,2017-01-03,39,B,2021-09-15,2026-09-15,1255,74.12,64.18,-32.28,2021-11-03,2022-06-17
SPMO,USD,2017-01-03,36,A,2017-01-03,2021-09-15,1184,144.85,133.52,-30.95,2020-02-19,2020-03-23
SPMO,USD,2017-01-03,36,B,2021-09-15,2026-09-15,1255,140.98,127.90,-22.74,2022-01-04,2022-09-26
PDP,USD,2017-01-03,21,A,2017-01-03,2021-09-15,1184,123.90,121.87,-34.70,2020-02-19,2020-03-23
PDP,USD,2017-01-03,21,B,2021-09-15,2026-09-15,1255,41.68,39.93,-33.91,2021-11-08,2022-09-26
IUMO.L,USD,2017-01-03,0,A,2017-01-03,2021-09-15,1190,145.26,145.26,-33.75,2020-02-19,2020-03-23
IUMO.L,USD,2017-01-03,0,B,2021-09-15,2026-09-15,1262,68.35,68.35,-31.90,2021-11-08,2022-06-17
QDVA.DE,EUR,2017-01-02,0,A,2017-01-03,2021-09-15,1191,116.80,116.80,-33.34,2020-02-19,2020-03-23
QDVA.DE,EUR,2017-01-02,0,B,2021-09-15,2026-09-15,1273,72.32,72.32,-25.56,2025-02-19,2025-04-09
IWMO.L,USD,2017-01-03,0,A,2017-01-03,2021-09-15,1190,133.75,133.75,-31.52,2020-02-19,2020-03-23
IWMO.L,USD,2017-01-03,0,B,2021-09-15,2026-09-15,1262,72.44,72.44,-29.63,2021-11-08,2022-09-26
IS3R.DE,EUR,2017-01-02,0,A,2017-01-03,2021-09-15,1191,105.97,105.97,-30.77,2020-02-19,2020-03-23
IS3R.DE,EUR,2017-01-02,0,B,2021-09-15,2026-09-15,1273,76.44,76.44,-23.57,2025-02-19,2025-04-09
XDEM.DE,EUR,2017-01-02,0,A,2017-01-03,2021-09-15,1191,107.75,107.75,-30.93,2020-02-19,2020-03-23
XDEM.DE,EUR,2017-01-02,0,B,2021-09-15,2026-09-15,1274,76.98,76.98,-23.51,2025-02-19,2025-04-09
XDEM.SW,USD,2017-01-03,0,A,2017-01-03,2021-09-15,1162,136.67,136.67,-31.48,2020-02-19,2020-03-23
XDEM.SW,USD,2017-01-03,0,B,2021-09-15,2026-09-15,1247,72.26,72.26,-29.75,2021-11-08,2022-09-30
SPY_in_EUR,EUR(umgerechnet),,0,A,2017-01-03,2021-09-15,1041,90.98,,-33.09,2020-02-19,2020-03-23
SPY_in_EUR,EUR(umgerechnet),,0,B,2021-09-15,2026-09-15,1108,85.36,,-23.81,2025-02-11,2025-04-21