monat,BigHigh_VW,BigHigh_EW,HiPRIOR_VW,HiPRIOR_EW,Markt_MktRF_plus_RF,BigHigh_Firmen,HiPRIOR_Firmen
201701,1.84,3.26,3.67,2.32,1.98,262.0,321.0
201702,2.7,3.33,0.01,-0.19,3.59,224.0,336.0
201703,-0.37,-0.57,0.43,-0.08,0.2,244.0,357.0
201704,0.94,0.39,0.23,0.13,1.1300000000000001,266.0,428.0
201705,2.79,-0.6,3.5,-1.23,1.1300000000000001,293.0,499.0
201706,0.27,1.96,0.94,2.78,0.8500000000000001,292.0,506.0
201707,3.56,1.02,2.99,1.52,1.95,341.0,502.0
201708,1.4,-3.12,0.16,0.13,0.27,328.0,538.0
201709,1.57,3.97,4.22,6.4,2.58,350.0,543.0
201710,4.34,-2.0,5.62,1.21,2.3499999999999996,362.0,475.0
201711,3.29,4.82,2.99,3.08,3.2,309.0,496.0
201712,0.27,3.9,-0.6,2.11,1.1500000000000001,340.0,461.0
201801,8.52,3.02,11.84,4.16,5.69,347.0,436.0
201802,-1.71,-5.02,-3.04,-3.38,-3.5300000000000002,330.0,444.0
201803,-2.91,-0.49,-3.16,0.39,-2.23,357.0,430.0
201804,0.77,0.71,1.39,0.77,0.41000000000000003,353.0,442.0
201805,3.88,0.58,7.31,9.0,2.8000000000000003,350.0,437.0
201806,-0.36,3.52,0.49,1.17,0.63,311.0,420.0
201807,1.72,2.74,0.94,0.82,3.3600000000000003,318.0,439.0
201808,7.67,1.16,10.0,8.3,3.6100000000000003,299.0,434.0
201809,0.72,-0.44,-0.64,-2.28,0.21,289.0,404.0
201810,-9.29,-8.72,-15.62,-12.33,-7.46,334.0,414.0
201811,-0.11,3.3,1.63,-1.66,1.89,318.0,420.0
201812,-8.55,-12.43,-8.33,-12.03,-9.360000000000001,331.0,412.0
201901,7.53,15.53,10.81,11.44,8.58,356.0,425.0
201902,4.01,4.29,5.06,5.25,3.6,346.0,399.0
201903,2.55,-1.39,0.62,-1.08,1.29,336.0,406.0
201904,2.52,5.8,0.81,1.75,4.180000000000001,362.0,412.0
201905,-5.01,-13.2,-4.24,-4.67,-6.71,377.0,414.0
201906,6.46,11.08,6.48,6.81,7.17,407.0,390.0
201907,0.83,0.28,1.98,1.19,1.42,402.0,371.0
201908,0.21,-11.36,-0.24,-2.76,-2.3899999999999997,418.0,398.0
201909,-0.16,5.22,-3.0,-3.86,1.5899999999999999,417.0,342.0
201910,0.76,1.57,-0.44,1.69,2.2199999999999998,404.0,317.0
201911,2.63,6.91,3.58,5.54,3.99,393.0,349.0
201912,2.96,5.36,4.56,4.09,2.91,372.0,365.0
202001,1.99,-5.01,3.26,0.04,0.020000000000000004,348.0,360.0
202002,-7.92,-8.46,-6.61,-6.13,-8.030000000000001,374.0,388.0
202003,-11.28,-27.44,-9.59,-20.77,-13.25,397.0,375.0
202004,12.74,22.75,14.67,19.39,13.6,411.0,410.0
202005,5.54,3.3,6.66,10.52,5.58,454.0,430.0
202006,3.56,6.93,7.98,7.95,2.46,471.0,451.0
202007,7.35,0.89,7.99,6.16,5.84,477.0,491.0
202008,9.16,6.95,11.46,3.31,7.63,458.0,549.0
202009,-4.29,-5.67,-6.21,-0.7,-3.6300000000000003,443.0,532.0
202010,-2.62,4.13,-3.73,-0.88,-2.0700000000000003,467.0,537.0
202011,10.1,24.09,10.38,19.54,12.459999999999999,445.0,556.0
202012,4.05,8.05,6.44,8.46,4.64,434.0,545.0
202101,0.77,1.53,2.09,20.66,-0.07,418.0,562.0
202102,-0.32,9.38,-2.78,5.35,2.81,413.0,534.0
202103,-0.48,5.99,-6.52,-3.53,3.17,367.0,558.0
202104,4.86,3.78,4.5,-0.25,4.95,242.0,433.0
202105,-1.42,-0.07,-4.84,1.67,0.3,219.0,427.0
202106,3.27,1.6,9.25,8.46,2.74,211.0,363.0
202107,-0.62,1.09,-0.56,-8.49,1.34,211.0,341.0
202108,4.88,1.07,3.08,3.14,2.94,214.0,357.0
202109,-3.27,-4.24,-3.09,-2.68,-4.4,224.0,342.0
202110,7.92,4.02,4.22,2.37,6.63,218.0,333.0
202111,-3.56,-5.5,-2.43,-7.15,-1.58,230.0,314.0
202112,-0.01,4.76,-6.65,-2.99,3.2399999999999998,280.0,326.0
202201,-7.5,-5.76,-10.82,-10.91,-6.16,290.0,314.0
202202,-1.39,-0.91,0.65,3.99,-2.28,296.0,278.0
202203,4.65,0.25,5.18,3.15,3.08,294.0,256.0
202204,-9.76,-11.28,-12.16,-6.26,-9.41,302.0,258.0
202205,-0.39,-2.09,1.66,2.91,-0.31000000000000005,300.0,263.0
202206,-7.41,-11.63,-10.41,-13.52,-8.34,314.0,238.0
202207,8.69,11.34,8.57,10.56,9.65,310.0,214.0
202208,-1.65,-4.72,0.03,2.3,-3.58,314.0,257.0
202209,-7.37,-11.14,-7.3,-10.69,-9.15,316.0,249.0
202210,9.92,6.08,17.98,13.35,8.08,327.0,246.0
202211,2.89,4.54,1.86,-0.13,4.94,340.0,283.0
202212,-3.37,-7.66,-4.23,-4.52,-6.05,324.0,261.0
202301,0.31,16.52,0.52,4.15,6.96,321.0,278.0
202302,-3.64,-3.46,-5.02,-2.46,-2.23,320.0,320.0
202303,0.72,-2.15,0.38,-3.83,2.84,299.0,362.0
202304,2.15,-2.5,1.94,-0.51,0.97,289.0,364.0
202305,2.46,-0.43,8.6,0.91,0.7,337.0,409.0
202306,7.33,10.54,8.48,5.88,6.86,337.0,469.0
202307,2.38,8.23,5.11,2.27,3.66,349.0,457.0
202308,-1.19,-5.08,-1.19,-5.32,-1.91,328.0,391.0
202309,-5.45,-5.51,-7.71,-5.6,-4.800000000000001,315.0,356.0
202310,-1.91,-5.84,-4.09,-8.6,-2.6799999999999997,309.0,322.0
202311,11.32,8.84,12.76,12.27,9.32,311.0,353.0
202312,3.78,13.08,4.0,12.86,5.279999999999999,321.0,390.0
202401,2.83,-4.1,5.13,-0.81,1.2,320.0,360.0
202402,7.92,1.28,12.82,10.21,5.49,330.0,372.0
202403,2.94,5.0,3.94,2.38,3.27,364.0,398.0
202404,-4.78,-4.27,-5.52,-8.81,-4.180000000000001,336.0,420.0
202405,6.61,2.85,11.83,2.45,4.7700000000000005,318.0,397.0
202406,5.45,-1.13,6.87,-3.79,3.21,293.0,357.0
202407,-2.02,4.67,-4.7,7.81,1.67,303.0,363.0
202408,2.36,-0.09,4.63,1.73,2.08,352.0,365.0
202409,2.48,1.74,4.11,0.48,2.12,287.0,379.0
202410,1.27,-1.52,2.79,1.7,-0.61,302.0,397.0
202411,7.13,7.52,6.74,12.43,6.890000000000001,314.0,409.0
202412,-3.2,-5.55,0.25,-8.48,-2.8,305.0,429.0
202501,4.39,2.7,-0.09,2.8,3.17,316.0,378.0
202502,-4.36,-3.43,-7.69,-7.92,-2.11,301.0,382.0
202503,-9.19,-4.23,-11.25,-10.2,-6.05,312.0,378.0
202504,1.07,-2.08,7.69,2.46,-0.49,327.0,390.0
202505,7.43,5.07,5.8,7.37,6.4399999999999995,327.0,420.0
202506,3.98,3.8,4.0,4.88,5.2,356.0,455.0
202507,0.41,1.14,0.69,0.91,2.32,336.0,414.0
202508,-0.44,4.09,-1.27,4.44,2.22,368.0,409.0
202509,5.4,-0.47,7.82,7.12,3.72,341.0,446.0
202510,3.57,-1.31,4.53,2.39,2.33,325.0,441.0
202511,-1.59,2.12,-3.63,-4.35,0.16999999999999998,336.0,439.0
202512,-0.36,0.28,-0.26,-0.53,-0.019999999999999962,351.0,501.0
202601,3.6,2.53,6.13,3.82,1.33,327.0,461.0
202602,-1.89,2.12,-3.38,1.97,-0.8899999999999999,317.0,475.0
202603,-5.06,-4.54,-6.51,-4.91,-4.89,297.0,462.0
202604,17.8,4.54,31.71,13.44,10.239999999999998,302.0,451.0
202605,7.2,2.23,20.04,4.41,5.22,291.0,405.0
202606,1.94,3.78,8.36,5.26,-0.78,301.0,421.0
202607,-5.72,2.06,-15.41,-13.33,-0.27999999999999997,320.0,449.0
202608,1.63,0.27,-0.06,2.02,2.85,301.0,462.0
