reihe,art,A_gesamtertrag_pct,A_max_rueckschlag_pct,B_gesamtertrag_pct,B_max_rueckschlag_pct,quelle,bemerkung
Unser Korb 187 (Buch),Eigene Rechnung,159.2,-49.0,150.1,-56.9,wiki/belegstand.md; Auftragstext,19 Positionen; 20 Bp je Seite; Tagesdaten
Unser breiter Markt (~700),Eigene Rechnung,231.2,,64.0,,Auftragstext,Rueckschlag nicht im Auftrag genannt (Belegstand: breit B -40.2)
SPY (unsere Quelle),Benchmark,115.5,-33.8,81.2,-24.5,Auftragstext,
SPY (Yahoo adjclose),Benchmark,115.8,-33.7,80.9,-24.5,01-momentum-fonds.csv,Gegenprobe der Fenster: Abweichung 0.3 Pp
SPMO,ETF USD,144.9,-31.0,141.0,-22.7,01-momentum-fonds.md,100 Werte; halbjaehrlich
MTUM,ETF USD,152.3,-34.1,74.1,-32.3,01-momentum-fonds.md,125 Werte
QMOM,ETF USD,110.6,-39.1,45.4,-26.8,01-momentum-fonds.md,aktiv; ~50 Werte laut Anbieter
PDP,ETF USD,123.9,-34.7,41.7,-33.9,01-momentum-fonds.md,~100 Werte; vierteljaehrlich
iShares USA Momentum UCITS (IUMO.L USD),UCITS USD,145.3,-33.8,68.4,-31.9,01-momentum-fonds.md,
iShares USA Momentum UCITS (QDVA.DE EUR),UCITS EUR,116.8,-33.3,72.3,-25.6,01-momentum-fonds.md,gegen SPY in EUR lesen: A +91.0 / B +85.4
iShares World Momentum UCITS (IWMO.L USD),UCITS USD,133.8,-31.5,72.4,-29.6,01-momentum-fonds.md,
Xtrackers World Momentum UCITS (XDEM.SW USD),UCITS USD,136.7,-31.5,72.3,-29.8,01-momentum-fonds.md,
French Big-High wertgew. (Monatsenden),Faktordaten,117.8,-18.3,82.5,-24.1,02-french.md,A 01/2017-09/2021; B 10/2021-08/2026 (September fehlt); vor Kosten
French Hi PRIOR wertgew. (Monatsenden),Faktordaten,138.0,-21.9,137.6,-31.2,02-french.md,B ohne 04+05/2026: +50.3
French Hi PRIOR gleichgew. (Monatsenden),Faktordaten,153.5,-30.0,22.5,-32.0,02-french.md,enthaelt Mikrowerte
French Markt Mkt-RF+RF (Monatsenden),Faktordaten,115.1,-20.2,82.1,-24.8,02-french.md,
